Name,Time_zone_id
Africa/Abidjan,1
Africa/Accra,2
Africa/Addis_Ababa,3
Africa/Algiers,4
Africa/Asmara,5
Africa/Asmera,6
Africa/Bamako,7
Africa/Bangui,8
Africa/Banjul,9
Africa/Bissau,10
Africa/Blantyre,11
Africa/Brazzaville,12
Africa/Bujumbura,13
Africa/Cairo,14
Africa/Casablanca,15
Africa/Ceuta,16
Africa/Conakry,17
Africa/Dakar,18
Africa/Dar_es_Salaam,19
Africa/Djibouti,20
Africa/Douala,21
Africa/El_Aaiun,22
Africa/Freetown,23
Africa/Gaborone,24
Africa/Harare,25
Africa/Johannesburg,26
Africa/Juba,27
Africa/Kampala,28
Africa/Khartoum,29
Africa/Kigali,30
Africa/Kinshasa,31
Africa/Lagos,32
Africa/Libreville,33
Africa/Lome,34
Africa/Luanda,35
Africa/Lubumbashi,36
Africa/Lusaka,37
Africa/Malabo,38
Africa/Maputo,39
Africa/Maseru,40
Africa/Mbabane,41
Africa/Mogadishu,42
Africa/Monrovia,43
Africa/Nairobi,44
Africa/Ndjamena,45
Africa/Niamey,46
Africa/Nouakchott,47
Africa/Ouagadougou,48
Africa/Porto-Novo,49
Africa/Sao_Tome,50
Africa/Timbuktu,51
Africa/Tripoli,52
Africa/Tunis,53
Africa/Windhoek,54
America/Adak,55
America/Anchorage,56
America/Anguilla,57
America/Antigua,58
America/Araguaina,59
America/Argentina/Buenos_Aires,60
America/Argentina/Catamarca,61
America/Argentina/ComodRivadavia,62
America/Argentina/Cordoba,63
America/Argentina/Jujuy,64
America/Argentina/La_Rioja,65
America/Argentina/Mendoza,66
America/Argentina/Rio_Gallegos,67
America/Argentina/Salta,68
America/Argentina/San_Juan,69
America/Argentina/San_Luis,70
America/Argentina/Tucuman,71
America/Argentina/Ushuaia,72
America/Aruba,73
America/Asuncion,74
America/Atikokan,75
America/Atka,76
America/Bahia,77
America/Bahia_Banderas,78
America/Barbados,79
America/Belem,80
America/Belize,81
America/Blanc-Sablon,82
America/Boa_Vista,83
America/Bogota,84
America/Boise,85
America/Buenos_Aires,86
America/Cambridge_Bay,87
America/Campo_Grande,88
America/Cancun,89
America/Caracas,90
America/Catamarca,91
America/Cayenne,92
America/Cayman,93
America/Chicago,94
America/Chihuahua,95
America/Coral_Harbour,96
America/Cordoba,97
America/Costa_Rica,98
America/Creston,99
America/Cuiaba,100
America/Curacao,101
America/Danmarkshavn,102
America/Dawson,103
America/Dawson_Creek,104
America/Denver,105
America/Detroit,106
America/Dominica,107
America/Edmonton,108
America/Eirunepe,109
America/El_Salvador,110
America/Ensenada,111
America/Fortaleza,114
America/Fort_Nelson,112
America/Fort_Wayne,113
America/Glace_Bay,115
America/Godthab,116
America/Goose_Bay,117
America/Grand_Turk,118
America/Grenada,119
America/Guadeloupe,120
America/Guatemala,121
America/Guayaquil,122
America/Guyana,123
America/Halifax,124
America/Havana,125
America/Hermosillo,126
America/Indiana/Indianapolis,127
America/Indiana/Knox,128
America/Indiana/Marengo,129
America/Indiana/Petersburg,130
America/Indiana/Tell_City,131
America/Indiana/Vevay,132
America/Indiana/Vincennes,133
America/Indiana/Winamac,134
America/Indianapolis,135
America/Inuvik,136
America/Iqaluit,137
America/Jamaica,138
America/Jujuy,139
America/Juneau,140
America/Kentucky/Louisville,141
America/Kentucky/Monticello,142
America/Knox_IN,143
America/Kralendijk,144
America/La_Paz,145
America/Lima,146
America/Los_Angeles,147
America/Louisville,148
America/Lower_Princes,149
America/Maceio,150
America/Managua,151
America/Manaus,152
America/Marigot,153
America/Martinique,154
America/Matamoros,155
America/Mazatlan,156
America/Mendoza,157
America/Menominee,158
America/Merida,159
America/Metlakatla,160
America/Mexico_City,161
America/Miquelon,162
America/Moncton,163
America/Monterrey,164
America/Montevideo,165
America/Montreal,166
America/Montserrat,167
America/Nassau,168
America/New_York,169
America/Nipigon,170
America/Nome,171
America/Noronha,172
America/North_Dakota/Beulah,173
America/North_Dakota/Center,174
America/North_Dakota/New_Salem,175
America/Ojinaga,176
America/Panama,177
America/Pangnirtung,178
America/Paramaribo,179
America/Phoenix,180
America/Port-au-Prince,181
America/Porto_Acre,183
America/Porto_Velho,184
America/Port_of_Spain,182
America/Puerto_Rico,185
America/Rainy_River,186
America/Rankin_Inlet,187
America/Recife,188
America/Regina,189
America/Resolute,190
America/Rio_Branco,191
America/Rosario,192
America/Santarem,194
America/Santa_Isabel,193
America/Santiago,195
America/Santo_Domingo,196
America/Sao_Paulo,197
America/Scoresbysund,198
America/Shiprock,199
America/Sitka,200
America/St_Barthelemy,201
America/St_Johns,202
America/St_Kitts,203
America/St_Lucia,204
America/St_Thomas,205
America/St_Vincent,206
America/Swift_Current,207
America/Tegucigalpa,208
America/Thule,209
America/Thunder_Bay,210
America/Tijuana,211
America/Toronto,212
America/Tortola,213
America/Vancouver,214
America/Virgin,215
America/Whitehorse,216
America/Winnipeg,217
America/Yakutat,218
America/Yellowknife,219
Antarctica/Casey,220
Antarctica/Davis,221
Antarctica/DumontDUrville,222
Antarctica/Macquarie,223
Antarctica/Mawson,224
Antarctica/McMurdo,225
Antarctica/Palmer,226
Antarctica/Rothera,227
Antarctica/South_Pole,228
Antarctica/Syowa,229
Antarctica/Troll,230
Antarctica/Vostok,231
Arctic/Longyearbyen,232
Asia/Aden,233
Asia/Almaty,234
Asia/Amman,235
Asia/Anadyr,236
Asia/Aqtau,237
Asia/Aqtobe,238
Asia/Ashgabat,239
Asia/Ashkhabad,240
Asia/Baghdad,241
Asia/Bahrain,242
Asia/Baku,243
Asia/Bangkok,244
Asia/Barnaul,245
Asia/Beirut,246
Asia/Bishkek,247
Asia/Brunei,248
Asia/Calcutta,249
Asia/Chita,250
Asia/Choibalsan,251
Asia/Chongqing,252
Asia/Chungking,253
Asia/Colombo,254
Asia/Dacca,255
Asia/Damascus,256
Asia/Dhaka,257
Asia/Dili,258
Asia/Dubai,259
Asia/Dushanbe,260
Asia/Famagusta,261
Asia/Gaza,262
Asia/Harbin,263
Asia/Hebron,264
Asia/Hong_Kong,266
Asia/Hovd,267
Asia/Ho_Chi_Minh,265
Asia/Irkutsk,268
Asia/Istanbul,269
Asia/Jakarta,270
Asia/Jayapura,271
Asia/Jerusalem,272
Asia/Kabul,273
Asia/Kamchatka,274
Asia/Karachi,275
Asia/Kashgar,276
Asia/Kathmandu,277
Asia/Katmandu,278
Asia/Khandyga,279
Asia/Kolkata,280
Asia/Krasnoyarsk,281
Asia/Kuala_Lumpur,282
Asia/Kuching,283
Asia/Kuwait,284
Asia/Macao,285
Asia/Macau,286
Asia/Magadan,287
Asia/Makassar,288
Asia/Manila,289
Asia/Muscat,290
Asia/Nicosia,291
Asia/Novokuznetsk,292
Asia/Novosibirsk,293
Asia/Omsk,294
Asia/Oral,295
Asia/Phnom_Penh,296
Asia/Pontianak,297
Asia/Pyongyang,298
Asia/Qatar,299
Asia/Qyzylorda,300
Asia/Rangoon,301
Asia/Riyadh,302
Asia/Saigon,303
Asia/Sakhalin,304
Asia/Samarkand,305
Asia/Seoul,306
Asia/Shanghai,307
Asia/Singapore,308
Asia/Srednekolymsk,309
Asia/Taipei,310
Asia/Tashkent,311
Asia/Tbilisi,312
Asia/Tehran,313
Asia/Tel_Aviv,314
Asia/Thimbu,315
Asia/Thimphu,316
Asia/Tokyo,317
Asia/Tomsk,318
Asia/Ujung_Pandang,319
Asia/Ulaanbaatar,320
Asia/Ulan_Bator,321
Asia/Urumqi,322
Asia/Ust-Nera,323
Asia/Vientiane,324
Asia/Vladivostok,325
Asia/Yakutsk,326
Asia/Yangon,327
Asia/Yekaterinburg,328
Asia/Yerevan,329
Atlantic/Azores,330
Atlantic/Bermuda,331
Atlantic/Canary,332
Atlantic/Cape_Verde,333
Atlantic/Faeroe,334
Atlantic/Faroe,335
Atlantic/Jan_Mayen,336
Atlantic/Madeira,337
Atlantic/Reykjavik,338
Atlantic/South_Georgia,339
Atlantic/Stanley,341
Atlantic/St_Helena,340
Australia/ACT,342
Australia/Adelaide,343
Australia/Brisbane,344
Australia/Broken_Hill,345
Australia/Canberra,346
Australia/Currie,347
Australia/Darwin,348
Australia/Eucla,349
Australia/Hobart,350
Australia/LHI,351
Australia/Lindeman,352
Australia/Lord_Howe,353
Australia/Melbourne,354
Australia/North,356
Australia/NSW,355
Australia/Perth,357
Australia/Queensland,358
Australia/South,359
Australia/Sydney,360
Australia/Tasmania,361
Australia/Victoria,362
Australia/West,363
Australia/Yancowinna,364
Brazil/Acre,365
Brazil/DeNoronha,366
Brazil/East,367
Brazil/West,368
Canada/Atlantic,371
Canada/Central,372
Canada/East-Saskatchewan,373
Canada/Eastern,374
Canada/Mountain,375
Canada/Newfoundland,376
Canada/Pacific,377
Canada/Saskatchewan,378
Canada/Yukon,379
CET,369
Chile/Continental,380
Chile/EasterIsland,381
CST6CDT,370
Cuba,382
EET,383
Egypt,386
Eire,387
EST,384
EST5EDT,385
Etc/GMT,388
Etc/GMT+0,389
Etc/GMT+1,390
Etc/GMT+10,391
Etc/GMT+11,392
Etc/GMT+12,393
Etc/GMT+2,394
Etc/GMT+3,395
Etc/GMT+4,396
Etc/GMT+5,397
Etc/GMT+6,398
Etc/GMT+7,399
Etc/GMT+8,400
Etc/GMT+9,401
Etc/GMT-0,402
Etc/GMT-1,403
Etc/GMT-10,404
Etc/GMT-11,405
Etc/GMT-12,406
Etc/GMT-13,407
Etc/GMT-14,408
Etc/GMT-2,409
Etc/GMT-3,410
Etc/GMT-4,411
Etc/GMT-5,412
Etc/GMT-6,413
Etc/GMT-7,414
Etc/GMT-8,415
Etc/GMT-9,416
Etc/GMT0,417
Etc/Greenwich,418
Etc/UCT,419
Etc/Universal,421
Etc/UTC,420
Etc/Zulu,422
Europe/Amsterdam,423
Europe/Andorra,424
Europe/Astrakhan,425
Europe/Athens,426
Europe/Belfast,427
Europe/Belgrade,428
Europe/Berlin,429
Europe/Bratislava,430
Europe/Brussels,431
Europe/Bucharest,432
Europe/Budapest,433
Europe/Busingen,434
Europe/Chisinau,435
Europe/Copenhagen,436
Europe/Dublin,437
Europe/Gibraltar,438
Europe/Guernsey,439
Europe/Helsinki,440
Europe/Isle_of_Man,441
Europe/Istanbul,442
Europe/Jersey,443
Europe/Kaliningrad,444
Europe/Kiev,445
Europe/Kirov,446
Europe/Lisbon,447
Europe/Ljubljana,448
Europe/London,449
Europe/Luxembourg,450
Europe/Madrid,451
Europe/Malta,452
Europe/Mariehamn,453
Europe/Minsk,454
Europe/Monaco,455
Europe/Moscow,456
Europe/Nicosia,457
Europe/Oslo,458
Europe/Paris,459
Europe/Podgorica,460
Europe/Prague,461
Europe/Riga,462
Europe/Rome,463
Europe/Samara,464
Europe/San_Marino,465
Europe/Sarajevo,466
Europe/Simferopol,467
Europe/Skopje,468
Europe/Sofia,469
Europe/Stockholm,470
Europe/Tallinn,471
Europe/Tirane,472
Europe/Tiraspol,473
Europe/Ulyanovsk,474
Europe/Uzhgorod,475
Europe/Vaduz,476
Europe/Vatican,477
Europe/Vienna,478
Europe/Vilnius,479
Europe/Volgograd,480
Europe/Warsaw,481
Europe/Zagreb,482
Europe/Zaporozhye,483
Europe/Zurich,484
GB,485
GB-Eire,486
GMT,487
GMT+0,488
GMT-0,489
GMT0,490
Greenwich,491
Hongkong,493
HST,492
Iceland,494
Indian/Antananarivo,495
Indian/Chagos,496
Indian/Christmas,497
Indian/Cocos,498
Indian/Comoro,499
Indian/Kerguelen,500
Indian/Mahe,501
Indian/Maldives,502
Indian/Mauritius,503
Indian/Mayotte,504
Indian/Reunion,505
Iran,506
Israel,507
Jamaica,508
Japan,509
Kwajalein,510
Libya,511
MET,512
Mexico/BajaNorte,515
Mexico/BajaSur,516
Mexico/General,517
MST,513
MST7MDT,514
Navajo,520
NZ,518
NZ-CHAT,519
Pacific/Apia,523
Pacific/Auckland,524
Pacific/Bougainville,525
Pacific/Chatham,526
Pacific/Chuuk,527
Pacific/Easter,528
Pacific/Efate,529
Pacific/Enderbury,530
Pacific/Fakaofo,531
Pacific/Fiji,532
Pacific/Funafuti,533
Pacific/Galapagos,534
Pacific/Gambier,535
Pacific/Guadalcanal,536
Pacific/Guam,537
Pacific/Honolulu,538
Pacific/Johnston,539
Pacific/Kiritimati,540
Pacific/Kosrae,541
Pacific/Kwajalein,542
Pacific/Majuro,543
Pacific/Marquesas,544
Pacific/Midway,545
Pacific/Nauru,546
Pacific/Niue,547
Pacific/Norfolk,548
Pacific/Noumea,549
Pacific/Pago_Pago,550
Pacific/Palau,551
Pacific/Pitcairn,552
Pacific/Pohnpei,553
Pacific/Ponape,554
Pacific/Port_Moresby,555
Pacific/Rarotonga,556
Pacific/Saipan,557
Pacific/Samoa,558
Pacific/Tahiti,559
Pacific/Tarawa,560
Pacific/Tongatapu,561
Pacific/Truk,562
Pacific/Wake,563
Pacific/Wallis,564
Pacific/Yap,565
Poland,566
Portugal,567
posix/Africa/Abidjan,591
posix/Africa/Accra,592
posix/Africa/Addis_Ababa,593
posix/Africa/Algiers,594
posix/Africa/Asmara,595
posix/Africa/Asmera,596
posix/Africa/Bamako,597
posix/Africa/Bangui,598
posix/Africa/Banjul,599
posix/Africa/Bissau,600
posix/Africa/Blantyre,601
posix/Africa/Brazzaville,602
posix/Africa/Bujumbura,603
posix/Africa/Cairo,604
posix/Africa/Casablanca,605
posix/Africa/Ceuta,606
posix/Africa/Conakry,607
posix/Africa/Dakar,608
posix/Africa/Dar_es_Salaam,609
posix/Africa/Djibouti,610
posix/Africa/Douala,611
posix/Africa/El_Aaiun,612
posix/Africa/Freetown,613
posix/Africa/Gaborone,614
posix/Africa/Harare,615
posix/Africa/Johannesburg,616
posix/Africa/Juba,617
posix/Africa/Kampala,618
posix/Africa/Khartoum,619
posix/Africa/Kigali,620
posix/Africa/Kinshasa,621
posix/Africa/Lagos,622
posix/Africa/Libreville,623
posix/Africa/Lome,624
posix/Africa/Luanda,625
posix/Africa/Lubumbashi,626
posix/Africa/Lusaka,627
posix/Africa/Malabo,628
posix/Africa/Maputo,629
posix/Africa/Maseru,630
posix/Africa/Mbabane,631
posix/Africa/Mogadishu,632
posix/Africa/Monrovia,633
posix/Africa/Nairobi,634
posix/Africa/Ndjamena,635
posix/Africa/Niamey,636
posix/Africa/Nouakchott,637
posix/Africa/Ouagadougou,638
posix/Africa/Porto-Novo,639
posix/Africa/Sao_Tome,640
posix/Africa/Timbuktu,641
posix/Africa/Tripoli,642
posix/Africa/Tunis,643
posix/Africa/Windhoek,644
posix/America/Adak,645
posix/America/Anchorage,646
posix/America/Anguilla,647
posix/America/Antigua,648
posix/America/Araguaina,649
posix/America/Argentina/Buenos_Aires,650
posix/America/Argentina/Catamarca,651
posix/America/Argentina/ComodRivadavia,652
posix/America/Argentina/Cordoba,653
posix/America/Argentina/Jujuy,654
posix/America/Argentina/La_Rioja,655
posix/America/Argentina/Mendoza,656
posix/America/Argentina/Rio_Gallegos,657
posix/America/Argentina/Salta,658
posix/America/Argentina/San_Juan,659
posix/America/Argentina/San_Luis,660
posix/America/Argentina/Tucuman,661
posix/America/Argentina/Ushuaia,662
posix/America/Aruba,663
posix/America/Asuncion,664
posix/America/Atikokan,665
posix/America/Atka,666
posix/America/Bahia,667
posix/America/Bahia_Banderas,668
posix/America/Barbados,669
posix/America/Belem,670
posix/America/Belize,671
posix/America/Blanc-Sablon,672
posix/America/Boa_Vista,673
posix/America/Bogota,674
posix/America/Boise,675
posix/America/Buenos_Aires,676
posix/America/Cambridge_Bay,677
posix/America/Campo_Grande,678
posix/America/Cancun,679
posix/America/Caracas,680
posix/America/Catamarca,681
posix/America/Cayenne,682
posix/America/Cayman,683
posix/America/Chicago,684
posix/America/Chihuahua,685
posix/America/Coral_Harbour,686
posix/America/Cordoba,687
posix/America/Costa_Rica,688
posix/America/Creston,689
posix/America/Cuiaba,690
posix/America/Curacao,691
posix/America/Danmarkshavn,692
posix/America/Dawson,693
posix/America/Dawson_Creek,694
posix/America/Denver,695
posix/America/Detroit,696
posix/America/Dominica,697
posix/America/Edmonton,698
posix/America/Eirunepe,699
posix/America/El_Salvador,700
posix/America/Ensenada,701
posix/America/Fortaleza,704
posix/America/Fort_Nelson,702
posix/America/Fort_Wayne,703
posix/America/Glace_Bay,705
posix/America/Godthab,706
posix/America/Goose_Bay,707
posix/America/Grand_Turk,708
posix/America/Grenada,709
posix/America/Guadeloupe,710
posix/America/Guatemala,711
posix/America/Guayaquil,712
posix/America/Guyana,713
posix/America/Halifax,714
posix/America/Havana,715
posix/America/Hermosillo,716
posix/America/Indiana/Indianapolis,717
posix/America/Indiana/Knox,718
posix/America/Indiana/Marengo,719
posix/America/Indiana/Petersburg,720
posix/America/Indiana/Tell_City,721
posix/America/Indiana/Vevay,722
posix/America/Indiana/Vincennes,723
posix/America/Indiana/Winamac,724
posix/America/Indianapolis,725
posix/America/Inuvik,726
posix/America/Iqaluit,727
posix/America/Jamaica,728
posix/America/Jujuy,729
posix/America/Juneau,730
posix/America/Kentucky/Louisville,731
posix/America/Kentucky/Monticello,732
posix/America/Knox_IN,733
posix/America/Kralendijk,734
posix/America/La_Paz,735
posix/America/Lima,736
posix/America/Los_Angeles,737
posix/America/Louisville,738
posix/America/Lower_Princes,739
posix/America/Maceio,740
posix/America/Managua,741
posix/America/Manaus,742
posix/America/Marigot,743
posix/America/Martinique,744
posix/America/Matamoros,745
posix/America/Mazatlan,746
posix/America/Mendoza,747
posix/America/Menominee,748
posix/America/Merida,749
posix/America/Metlakatla,750
posix/America/Mexico_City,751
posix/America/Miquelon,752
posix/America/Moncton,753
posix/America/Monterrey,754
posix/America/Montevideo,755
posix/America/Montreal,756
posix/America/Montserrat,757
posix/America/Nassau,758
posix/America/New_York,759
posix/America/Nipigon,760
posix/America/Nome,761
posix/America/Noronha,762
posix/America/North_Dakota/Beulah,763
posix/America/North_Dakota/Center,764
posix/America/North_Dakota/New_Salem,765
posix/America/Ojinaga,766
posix/America/Panama,767
posix/America/Pangnirtung,768
posix/America/Paramaribo,769
posix/America/Phoenix,770
posix/America/Port-au-Prince,771
posix/America/Porto_Acre,773
posix/America/Porto_Velho,774
posix/America/Port_of_Spain,772
posix/America/Puerto_Rico,775
posix/America/Rainy_River,776
posix/America/Rankin_Inlet,777
posix/America/Recife,778
posix/America/Regina,779
posix/America/Resolute,780
posix/America/Rio_Branco,781
posix/America/Rosario,782
posix/America/Santarem,784
posix/America/Santa_Isabel,783
posix/America/Santiago,785
posix/America/Santo_Domingo,786
posix/America/Sao_Paulo,787
posix/America/Scoresbysund,788
posix/America/Shiprock,789
posix/America/Sitka,790
posix/America/St_Barthelemy,791
posix/America/St_Johns,792
posix/America/St_Kitts,793
posix/America/St_Lucia,794
posix/America/St_Thomas,795
posix/America/St_Vincent,796
posix/America/Swift_Current,797
posix/America/Tegucigalpa,798
posix/America/Thule,799
posix/America/Thunder_Bay,800
posix/America/Tijuana,801
posix/America/Toronto,802
posix/America/Tortola,803
posix/America/Vancouver,804
posix/America/Virgin,805
posix/America/Whitehorse,806
posix/America/Winnipeg,807
posix/America/Yakutat,808
posix/America/Yellowknife,809
posix/Antarctica/Casey,810
posix/Antarctica/Davis,811
posix/Antarctica/DumontDUrville,812
posix/Antarctica/Macquarie,813
posix/Antarctica/Mawson,814
posix/Antarctica/McMurdo,815
posix/Antarctica/Palmer,816
posix/Antarctica/Rothera,817
posix/Antarctica/South_Pole,818
posix/Antarctica/Syowa,819
posix/Antarctica/Troll,820
posix/Antarctica/Vostok,821
posix/Arctic/Longyearbyen,822
posix/Asia/Aden,823
posix/Asia/Almaty,824
posix/Asia/Amman,825
posix/Asia/Anadyr,826
posix/Asia/Aqtau,827
posix/Asia/Aqtobe,828
posix/Asia/Ashgabat,829
posix/Asia/Ashkhabad,830
posix/Asia/Baghdad,831
posix/Asia/Bahrain,832
posix/Asia/Baku,833
posix/Asia/Bangkok,834
posix/Asia/Barnaul,835
posix/Asia/Beirut,836
posix/Asia/Bishkek,837
posix/Asia/Brunei,838
posix/Asia/Calcutta,839
posix/Asia/Chita,840
posix/Asia/Choibalsan,841
posix/Asia/Chongqing,842
posix/Asia/Chungking,843
posix/Asia/Colombo,844
posix/Asia/Dacca,845
posix/Asia/Damascus,846
posix/Asia/Dhaka,847
posix/Asia/Dili,848
posix/Asia/Dubai,849
posix/Asia/Dushanbe,850
posix/Asia/Famagusta,851
posix/Asia/Gaza,852
posix/Asia/Harbin,853
posix/Asia/Hebron,854
posix/Asia/Hong_Kong,856
posix/Asia/Hovd,857
posix/Asia/Ho_Chi_Minh,855
posix/Asia/Irkutsk,858
posix/Asia/Istanbul,859
posix/Asia/Jakarta,860
posix/Asia/Jayapura,861
posix/Asia/Jerusalem,862
posix/Asia/Kabul,863
posix/Asia/Kamchatka,864
posix/Asia/Karachi,865
posix/Asia/Kashgar,866
posix/Asia/Kathmandu,867
posix/Asia/Katmandu,868
posix/Asia/Khandyga,869
posix/Asia/Kolkata,870
posix/Asia/Krasnoyarsk,871
posix/Asia/Kuala_Lumpur,872
posix/Asia/Kuching,873
posix/Asia/Kuwait,874
posix/Asia/Macao,875
posix/Asia/Macau,876
posix/Asia/Magadan,877
posix/Asia/Makassar,878
posix/Asia/Manila,879
posix/Asia/Muscat,880
posix/Asia/Nicosia,881
posix/Asia/Novokuznetsk,882
posix/Asia/Novosibirsk,883
posix/Asia/Omsk,884
posix/Asia/Oral,885
posix/Asia/Phnom_Penh,886
posix/Asia/Pontianak,887
posix/Asia/Pyongyang,888
posix/Asia/Qatar,889
posix/Asia/Qyzylorda,890
posix/Asia/Rangoon,891
posix/Asia/Riyadh,892
posix/Asia/Saigon,893
posix/Asia/Sakhalin,894
posix/Asia/Samarkand,895
posix/Asia/Seoul,896
posix/Asia/Shanghai,897
posix/Asia/Singapore,898
posix/Asia/Srednekolymsk,899
posix/Asia/Taipei,900
posix/Asia/Tashkent,901
posix/Asia/Tbilisi,902
posix/Asia/Tehran,903
posix/Asia/Tel_Aviv,904
posix/Asia/Thimbu,905
posix/Asia/Thimphu,906
posix/Asia/Tokyo,907
posix/Asia/Tomsk,908
posix/Asia/Ujung_Pandang,909
posix/Asia/Ulaanbaatar,910
posix/Asia/Ulan_Bator,911
posix/Asia/Urumqi,912
posix/Asia/Ust-Nera,913
posix/Asia/Vientiane,914
posix/Asia/Vladivostok,915
posix/Asia/Yakutsk,916
posix/Asia/Yangon,917
posix/Asia/Yekaterinburg,918
posix/Asia/Yerevan,919
posix/Atlantic/Azores,920
posix/Atlantic/Bermuda,921
posix/Atlantic/Canary,922
posix/Atlantic/Cape_Verde,923
posix/Atlantic/Faeroe,924
posix/Atlantic/Faroe,925
posix/Atlantic/Jan_Mayen,926
posix/Atlantic/Madeira,927
posix/Atlantic/Reykjavik,928
posix/Atlantic/South_Georgia,929
posix/Atlantic/Stanley,931
posix/Atlantic/St_Helena,930
posix/Australia/ACT,932
posix/Australia/Adelaide,933
posix/Australia/Brisbane,934
posix/Australia/Broken_Hill,935
posix/Australia/Canberra,936
posix/Australia/Currie,937
posix/Australia/Darwin,938
posix/Australia/Eucla,939
posix/Australia/Hobart,940
posix/Australia/LHI,941
posix/Australia/Lindeman,942
posix/Australia/Lord_Howe,943
posix/Australia/Melbourne,944
posix/Australia/North,946
posix/Australia/NSW,945
posix/Australia/Perth,947
posix/Australia/Queensland,948
posix/Australia/South,949
posix/Australia/Sydney,950
posix/Australia/Tasmania,951
posix/Australia/Victoria,952
posix/Australia/West,953
posix/Australia/Yancowinna,954
posix/Brazil/Acre,955
posix/Brazil/DeNoronha,956
posix/Brazil/East,957
posix/Brazil/West,958
posix/Canada/Atlantic,961
posix/Canada/Central,962
posix/Canada/East-Saskatchewan,963
posix/Canada/Eastern,964
posix/Canada/Mountain,965
posix/Canada/Newfoundland,966
posix/Canada/Pacific,967
posix/Canada/Saskatchewan,968
posix/Canada/Yukon,969
posix/CET,959
posix/Chile/Continental,970
posix/Chile/EasterIsland,971
posix/CST6CDT,960
posix/Cuba,972
posix/EET,973
posix/Egypt,976
posix/Eire,977
posix/EST,974
posix/EST5EDT,975
posix/Etc/GMT,978
posix/Etc/GMT+0,979
posix/Etc/GMT+1,980
posix/Etc/GMT+10,981
posix/Etc/GMT+11,982
posix/Etc/GMT+12,983
posix/Etc/GMT+2,984
posix/Etc/GMT+3,985
posix/Etc/GMT+4,986
posix/Etc/GMT+5,987
posix/Etc/GMT+6,988
posix/Etc/GMT+7,989
posix/Etc/GMT+8,990
posix/Etc/GMT+9,991
posix/Etc/GMT-0,992
posix/Etc/GMT-1,993
posix/Etc/GMT-10,994
posix/Etc/GMT-11,995
posix/Etc/GMT-12,996
posix/Etc/GMT-13,997
posix/Etc/GMT-14,998
posix/Etc/GMT-2,999
posix/Etc/GMT-3,1000
posix/Etc/GMT-4,1001
posix/Etc/GMT-5,1002
posix/Etc/GMT-6,1003
posix/Etc/GMT-7,1004
posix/Etc/GMT-8,1005
posix/Etc/GMT-9,1006
posix/Etc/GMT0,1007
posix/Etc/Greenwich,1008
posix/Etc/UCT,1009
posix/Etc/Universal,1011
posix/Etc/UTC,1010
posix/Etc/Zulu,1012
posix/Europe/Amsterdam,1013
posix/Europe/Andorra,1014
posix/Europe/Astrakhan,1015
posix/Europe/Athens,1016
posix/Europe/Belfast,1017
posix/Europe/Belgrade,1018
posix/Europe/Berlin,1019
posix/Europe/Bratislava,1020
posix/Europe/Brussels,1021
posix/Europe/Bucharest,1022
posix/Europe/Budapest,1023
posix/Europe/Busingen,1024
posix/Europe/Chisinau,1025
posix/Europe/Copenhagen,1026
posix/Europe/Dublin,1027
posix/Europe/Gibraltar,1028
posix/Europe/Guernsey,1029
posix/Europe/Helsinki,1030
posix/Europe/Isle_of_Man,1031
posix/Europe/Istanbul,1032
posix/Europe/Jersey,1033
posix/Europe/Kaliningrad,1034
posix/Europe/Kiev,1035
posix/Europe/Kirov,1036
posix/Europe/Lisbon,1037
posix/Europe/Ljubljana,1038
posix/Europe/London,1039
posix/Europe/Luxembourg,1040
posix/Europe/Madrid,1041
posix/Europe/Malta,1042
posix/Europe/Mariehamn,1043
posix/Europe/Minsk,1044
posix/Europe/Monaco,1045
posix/Europe/Moscow,1046
posix/Europe/Nicosia,1047
posix/Europe/Oslo,1048
posix/Europe/Paris,1049
posix/Europe/Podgorica,1050
posix/Europe/Prague,1051
posix/Europe/Riga,1052
posix/Europe/Rome,1053
posix/Europe/Samara,1054
posix/Europe/San_Marino,1055
posix/Europe/Sarajevo,1056
posix/Europe/Simferopol,1057
posix/Europe/Skopje,1058
posix/Europe/Sofia,1059
posix/Europe/Stockholm,1060
posix/Europe/Tallinn,1061
posix/Europe/Tirane,1062
posix/Europe/Tiraspol,1063
posix/Europe/Ulyanovsk,1064
posix/Europe/Uzhgorod,1065
posix/Europe/Vaduz,1066
posix/Europe/Vatican,1067
posix/Europe/Vienna,1068
posix/Europe/Vilnius,1069
posix/Europe/Volgograd,1070
posix/Europe/Warsaw,1071
posix/Europe/Zagreb,1072
posix/Europe/Zaporozhye,1073
posix/Europe/Zurich,1074
posix/GB,1075
posix/GB-Eire,1076
posix/GMT,1077
posix/GMT+0,1078
posix/GMT-0,1079
posix/GMT0,1080
posix/Greenwich,1081
posix/Hongkong,1083
posix/HST,1082
posix/Iceland,1084
posix/Indian/Antananarivo,1085
posix/Indian/Chagos,1086
posix/Indian/Christmas,1087
posix/Indian/Cocos,1088
posix/Indian/Comoro,1089
posix/Indian/Kerguelen,1090
posix/Indian/Mahe,1091
posix/Indian/Maldives,1092
posix/Indian/Mauritius,1093
posix/Indian/Mayotte,1094
posix/Indian/Reunion,1095
posix/Iran,1096
posix/Israel,1097
posix/Jamaica,1098
posix/Japan,1099
posix/Kwajalein,1100
posix/Libya,1101
posix/MET,1102
posix/Mexico/BajaNorte,1105
posix/Mexico/BajaSur,1106
posix/Mexico/General,1107
posix/MST,1103
posix/MST7MDT,1104
posix/Navajo,1110
posix/NZ,1108
posix/NZ-CHAT,1109
posix/Pacific/Apia,1113
posix/Pacific/Auckland,1114
posix/Pacific/Bougainville,1115
posix/Pacific/Chatham,1116
posix/Pacific/Chuuk,1117
posix/Pacific/Easter,1118
posix/Pacific/Efate,1119
posix/Pacific/Enderbury,1120
posix/Pacific/Fakaofo,1121
posix/Pacific/Fiji,1122
posix/Pacific/Funafuti,1123
posix/Pacific/Galapagos,1124
posix/Pacific/Gambier,1125
posix/Pacific/Guadalcanal,1126
posix/Pacific/Guam,1127
posix/Pacific/Honolulu,1128
posix/Pacific/Johnston,1129
posix/Pacific/Kiritimati,1130
posix/Pacific/Kosrae,1131
posix/Pacific/Kwajalein,1132
posix/Pacific/Majuro,1133
posix/Pacific/Marquesas,1134
posix/Pacific/Midway,1135
posix/Pacific/Nauru,1136
posix/Pacific/Niue,1137
posix/Pacific/Norfolk,1138
posix/Pacific/Noumea,1139
posix/Pacific/Pago_Pago,1140
posix/Pacific/Palau,1141
posix/Pacific/Pitcairn,1142
posix/Pacific/Pohnpei,1143
posix/Pacific/Ponape,1144
posix/Pacific/Port_Moresby,1145
posix/Pacific/Rarotonga,1146
posix/Pacific/Saipan,1147
posix/Pacific/Samoa,1148
posix/Pacific/Tahiti,1149
posix/Pacific/Tarawa,1150
posix/Pacific/Tongatapu,1151
posix/Pacific/Truk,1152
posix/Pacific/Wake,1153
posix/Pacific/Wallis,1154
posix/Pacific/Yap,1155
posix/Poland,1156
posix/Portugal,1157
posix/PRC,1111
posix/PST8PDT,1112
posix/ROC,1158
posix/ROK,1159
posix/Singapore,1160
posix/Turkey,1161
posix/UCT,1162
posix/Universal,1177
posix/US/Alaska,1163
posix/US/Aleutian,1164
posix/US/Arizona,1165
posix/US/Central,1166
posix/US/East-Indiana,1167
posix/US/Eastern,1168
posix/US/Hawaii,1169
posix/US/Indiana-Starke,1170
posix/US/Michigan,1171
posix/US/Mountain,1172
posix/US/Pacific,1173
posix/US/Pacific-New,1174
posix/US/Samoa,1175
posix/UTC,1176
posix/W-SU,1178
posix/WET,1179
posix/Zulu,1180
posixrules,1181
PRC,521
PST8PDT,522
right/Africa/Abidjan,1182
right/Africa/Accra,1183
right/Africa/Addis_Ababa,1184
right/Africa/Algiers,1185
right/Africa/Asmara,1186
right/Africa/Asmera,1187
right/Africa/Bamako,1188
right/Africa/Bangui,1189
right/Africa/Banjul,1190
right/Africa/Bissau,1191
right/Africa/Blantyre,1192
right/Africa/Brazzaville,1193
right/Africa/Bujumbura,1194
right/Africa/Cairo,1195
right/Africa/Casablanca,1196
right/Africa/Ceuta,1197
right/Africa/Conakry,1198
right/Africa/Dakar,1199
right/Africa/Dar_es_Salaam,1200
right/Africa/Djibouti,1201
right/Africa/Douala,1202
right/Africa/El_Aaiun,1203
right/Africa/Freetown,1204
right/Africa/Gaborone,1205
right/Africa/Harare,1206
right/Africa/Johannesburg,1207
right/Africa/Juba,1208
right/Africa/Kampala,1209
right/Africa/Khartoum,1210
right/Africa/Kigali,1211
right/Africa/Kinshasa,1212
right/Africa/Lagos,1213
right/Africa/Libreville,1214
right/Africa/Lome,1215
right/Africa/Luanda,1216
right/Africa/Lubumbashi,1217
right/Africa/Lusaka,1218
right/Africa/Malabo,1219
right/Africa/Maputo,1220
right/Africa/Maseru,1221
right/Africa/Mbabane,1222
right/Africa/Mogadishu,1223
right/Africa/Monrovia,1224
right/Africa/Nairobi,1225
right/Africa/Ndjamena,1226
right/Africa/Niamey,1227
right/Africa/Nouakchott,1228
right/Africa/Ouagadougou,1229
right/Africa/Porto-Novo,1230
right/Africa/Sao_Tome,1231
right/Africa/Timbuktu,1232
right/Africa/Tripoli,1233
right/Africa/Tunis,1234
right/Africa/Windhoek,1235
right/America/Adak,1236
right/America/Anchorage,1237
right/America/Anguilla,1238
right/America/Antigua,1239
right/America/Araguaina,1240
right/America/Argentina/Buenos_Aires,1241
right/America/Argentina/Catamarca,1242
right/America/Argentina/ComodRivadavia,1243
right/America/Argentina/Cordoba,1244
right/America/Argentina/Jujuy,1245
right/America/Argentina/La_Rioja,1246
right/America/Argentina/Mendoza,1247
right/America/Argentina/Rio_Gallegos,1248
right/America/Argentina/Salta,1249
right/America/Argentina/San_Juan,1250
right/America/Argentina/San_Luis,1251
right/America/Argentina/Tucuman,1252
right/America/Argentina/Ushuaia,1253
right/America/Aruba,1254
right/America/Asuncion,1255
right/America/Atikokan,1256
right/America/Atka,1257
right/America/Bahia,1258
right/America/Bahia_Banderas,1259
right/America/Barbados,1260
right/America/Belem,1261
right/America/Belize,1262
right/America/Blanc-Sablon,1263
right/America/Boa_Vista,1264
right/America/Bogota,1265
right/America/Boise,1266
right/America/Buenos_Aires,1267
right/America/Cambridge_Bay,1268
right/America/Campo_Grande,1269
right/America/Cancun,1270
right/America/Caracas,1271
right/America/Catamarca,1272
right/America/Cayenne,1273
right/America/Cayman,1274
right/America/Chicago,1275
right/America/Chihuahua,1276
right/America/Coral_Harbour,1277
right/America/Cordoba,1278
right/America/Costa_Rica,1279
right/America/Creston,1280
right/America/Cuiaba,1281
right/America/Curacao,1282
right/America/Danmarkshavn,1283
right/America/Dawson,1284
right/America/Dawson_Creek,1285
right/America/Denver,1286
right/America/Detroit,1287
right/America/Dominica,1288
right/America/Edmonton,1289
right/America/Eirunepe,1290
right/America/El_Salvador,1291
right/America/Ensenada,1292
right/America/Fortaleza,1295
right/America/Fort_Nelson,1293
right/America/Fort_Wayne,1294
right/America/Glace_Bay,1296
right/America/Godthab,1297
right/America/Goose_Bay,1298
right/America/Grand_Turk,1299
right/America/Grenada,1300
right/America/Guadeloupe,1301
right/America/Guatemala,1302
right/America/Guayaquil,1303
right/America/Guyana,1304
right/America/Halifax,1305
right/America/Havana,1306
right/America/Hermosillo,1307
right/America/Indiana/Indianapolis,1308
right/America/Indiana/Knox,1309
right/America/Indiana/Marengo,1310
right/America/Indiana/Petersburg,1311
right/America/Indiana/Tell_City,1312
right/America/Indiana/Vevay,1313
right/America/Indiana/Vincennes,1314
right/America/Indiana/Winamac,1315
right/America/Indianapolis,1316
right/America/Inuvik,1317
right/America/Iqaluit,1318
right/America/Jamaica,1319
right/America/Jujuy,1320
right/America/Juneau,1321
right/America/Kentucky/Louisville,1322
right/America/Kentucky/Monticello,1323
right/America/Knox_IN,1324
right/America/Kralendijk,1325
right/America/La_Paz,1326
right/America/Lima,1327
right/America/Los_Angeles,1328
right/America/Louisville,1329
right/America/Lower_Princes,1330
right/America/Maceio,1331
right/America/Managua,1332
right/America/Manaus,1333
right/America/Marigot,1334
right/America/Martinique,1335
right/America/Matamoros,1336
right/America/Mazatlan,1337
right/America/Mendoza,1338
right/America/Menominee,1339
right/America/Merida,1340
right/America/Metlakatla,1341
right/America/Mexico_City,1342
right/America/Miquelon,1343
right/America/Moncton,1344
right/America/Monterrey,1345
right/America/Montevideo,1346
right/America/Montreal,1347
right/America/Montserrat,1348
right/America/Nassau,1349
right/America/New_York,1350
right/America/Nipigon,1351
right/America/Nome,1352
right/America/Noronha,1353
right/America/North_Dakota/Beulah,1354
right/America/North_Dakota/Center,1355
right/America/North_Dakota/New_Salem,1356
right/America/Ojinaga,1357
right/America/Panama,1358
right/America/Pangnirtung,1359
right/America/Paramaribo,1360
right/America/Phoenix,1361
right/America/Port-au-Prince,1362
right/America/Porto_Acre,1364
right/America/Porto_Velho,1365
right/America/Port_of_Spain,1363
right/America/Puerto_Rico,1366
right/America/Rainy_River,1367
right/America/Rankin_Inlet,1368
right/America/Recife,1369
right/America/Regina,1370
right/America/Resolute,1371
right/America/Rio_Branco,1372
right/America/Rosario,1373
right/America/Santarem,1375
right/America/Santa_Isabel,1374
right/America/Santiago,1376
right/America/Santo_Domingo,1377
right/America/Sao_Paulo,1378
right/America/Scoresbysund,1379
right/America/Shiprock,1380
right/America/Sitka,1381
right/America/St_Barthelemy,1382
right/America/St_Johns,1383
right/America/St_Kitts,1384
right/America/St_Lucia,1385
right/America/St_Thomas,1386
right/America/St_Vincent,1387
right/America/Swift_Current,1388
right/America/Tegucigalpa,1389
right/America/Thule,1390
right/America/Thunder_Bay,1391
right/America/Tijuana,1392
right/America/Toronto,1393
right/America/Tortola,1394
right/America/Vancouver,1395
right/America/Virgin,1396
right/America/Whitehorse,1397
right/America/Winnipeg,1398
right/America/Yakutat,1399
right/America/Yellowknife,1400
right/Antarctica/Casey,1401
right/Antarctica/Davis,1402
right/Antarctica/DumontDUrville,1403
right/Antarctica/Macquarie,1404
right/Antarctica/Mawson,1405
right/Antarctica/McMurdo,1406
right/Antarctica/Palmer,1407
right/Antarctica/Rothera,1408
right/Antarctica/South_Pole,1409
right/Antarctica/Syowa,1410
right/Antarctica/Troll,1411
right/Antarctica/Vostok,1412
right/Arctic/Longyearbyen,1413
right/Asia/Aden,1414
right/Asia/Almaty,1415
right/Asia/Amman,1416
right/Asia/Anadyr,1417
right/Asia/Aqtau,1418
right/Asia/Aqtobe,1419
right/Asia/Ashgabat,1420
right/Asia/Ashkhabad,1421
right/Asia/Baghdad,1422
right/Asia/Bahrain,1423
right/Asia/Baku,1424
right/Asia/Bangkok,1425
right/Asia/Barnaul,1426
right/Asia/Beirut,1427
right/Asia/Bishkek,1428
right/Asia/Brunei,1429
right/Asia/Calcutta,1430
right/Asia/Chita,1431
right/Asia/Choibalsan,1432
right/Asia/Chongqing,1433
right/Asia/Chungking,1434
right/Asia/Colombo,1435
right/Asia/Dacca,1436
right/Asia/Damascus,1437
right/Asia/Dhaka,1438
right/Asia/Dili,1439
right/Asia/Dubai,1440
right/Asia/Dushanbe,1441
right/Asia/Famagusta,1442
right/Asia/Gaza,1443
right/Asia/Harbin,1444
right/Asia/Hebron,1445
right/Asia/Hong_Kong,1447
right/Asia/Hovd,1448
right/Asia/Ho_Chi_Minh,1446
right/Asia/Irkutsk,1449
right/Asia/Istanbul,1450
right/Asia/Jakarta,1451
right/Asia/Jayapura,1452
right/Asia/Jerusalem,1453
right/Asia/Kabul,1454
right/Asia/Kamchatka,1455
right/Asia/Karachi,1456
right/Asia/Kashgar,1457
right/Asia/Kathmandu,1458
right/Asia/Katmandu,1459
right/Asia/Khandyga,1460
right/Asia/Kolkata,1461
right/Asia/Krasnoyarsk,1462
right/Asia/Kuala_Lumpur,1463
right/Asia/Kuching,1464
right/Asia/Kuwait,1465
right/Asia/Macao,1466
right/Asia/Macau,1467
right/Asia/Magadan,1468
right/Asia/Makassar,1469
right/Asia/Manila,1470
right/Asia/Muscat,1471
right/Asia/Nicosia,1472
right/Asia/Novokuznetsk,1473
right/Asia/Novosibirsk,1474
right/Asia/Omsk,1475
right/Asia/Oral,1476
right/Asia/Phnom_Penh,1477
right/Asia/Pontianak,1478
right/Asia/Pyongyang,1479
right/Asia/Qatar,1480
right/Asia/Qyzylorda,1481
right/Asia/Rangoon,1482
right/Asia/Riyadh,1483
right/Asia/Saigon,1484
right/Asia/Sakhalin,1485
right/Asia/Samarkand,1486
right/Asia/Seoul,1487
right/Asia/Shanghai,1488
right/Asia/Singapore,1489
right/Asia/Srednekolymsk,1490
right/Asia/Taipei,1491
right/Asia/Tashkent,1492
right/Asia/Tbilisi,1493
right/Asia/Tehran,1494
right/Asia/Tel_Aviv,1495
right/Asia/Thimbu,1496
right/Asia/Thimphu,1497
right/Asia/Tokyo,1498
right/Asia/Tomsk,1499
right/Asia/Ujung_Pandang,1500
right/Asia/Ulaanbaatar,1501
right/Asia/Ulan_Bator,1502
right/Asia/Urumqi,1503
right/Asia/Ust-Nera,1504
right/Asia/Vientiane,1505
right/Asia/Vladivostok,1506
right/Asia/Yakutsk,1507
right/Asia/Yangon,1508
right/Asia/Yekaterinburg,1509
right/Asia/Yerevan,1510
right/Atlantic/Azores,1511
right/Atlantic/Bermuda,1512
right/Atlantic/Canary,1513
right/Atlantic/Cape_Verde,1514
right/Atlantic/Faeroe,1515
right/Atlantic/Faroe,1516
right/Atlantic/Jan_Mayen,1517
right/Atlantic/Madeira,1518
right/Atlantic/Reykjavik,1519
right/Atlantic/South_Georgia,1520
right/Atlantic/Stanley,1522
right/Atlantic/St_Helena,1521
right/Australia/ACT,1523
right/Australia/Adelaide,1524
right/Australia/Brisbane,1525
right/Australia/Broken_Hill,1526
right/Australia/Canberra,1527
right/Australia/Currie,1528
right/Australia/Darwin,1529
right/Australia/Eucla,1530
right/Australia/Hobart,1531
right/Australia/LHI,1532
right/Australia/Lindeman,1533
right/Australia/Lord_Howe,1534
right/Australia/Melbourne,1535
right/Australia/North,1537
right/Australia/NSW,1536
right/Australia/Perth,1538
right/Australia/Queensland,1539
right/Australia/South,1540
right/Australia/Sydney,1541
right/Australia/Tasmania,1542
right/Australia/Victoria,1543
right/Australia/West,1544
right/Australia/Yancowinna,1545
right/Brazil/Acre,1546
right/Brazil/DeNoronha,1547
right/Brazil/East,1548
right/Brazil/West,1549
right/Canada/Atlantic,1552
right/Canada/Central,1553
right/Canada/East-Saskatchewan,1554
right/Canada/Eastern,1555
right/Canada/Mountain,1556
right/Canada/Newfoundland,1557
right/Canada/Pacific,1558
right/Canada/Saskatchewan,1559
right/Canada/Yukon,1560
right/CET,1550
right/Chile/Continental,1561
right/Chile/EasterIsland,1562
right/CST6CDT,1551
right/Cuba,1563
right/EET,1564
right/Egypt,1567
right/Eire,1568
right/EST,1565
right/EST5EDT,1566
right/Etc/GMT,1569
right/Etc/GMT+0,1570
right/Etc/GMT+1,1571
right/Etc/GMT+10,1572
right/Etc/GMT+11,1573
right/Etc/GMT+12,1574
right/Etc/GMT+2,1575
right/Etc/GMT+3,1576
right/Etc/GMT+4,1577
right/Etc/GMT+5,1578
right/Etc/GMT+6,1579
right/Etc/GMT+7,1580
right/Etc/GMT+8,1581
right/Etc/GMT+9,1582
right/Etc/GMT-0,1583
right/Etc/GMT-1,1584
right/Etc/GMT-10,1585
right/Etc/GMT-11,1586
right/Etc/GMT-12,1587
right/Etc/GMT-13,1588
right/Etc/GMT-14,1589
right/Etc/GMT-2,1590
right/Etc/GMT-3,1591
right/Etc/GMT-4,1592
right/Etc/GMT-5,1593
right/Etc/GMT-6,1594
right/Etc/GMT-7,1595
right/Etc/GMT-8,1596
right/Etc/GMT-9,1597
right/Etc/GMT0,1598
right/Etc/Greenwich,1599
right/Etc/UCT,1600
right/Etc/Universal,1602
right/Etc/UTC,1601
right/Etc/Zulu,1603
right/Europe/Amsterdam,1604
right/Europe/Andorra,1605
right/Europe/Astrakhan,1606
right/Europe/Athens,1607
right/Europe/Belfast,1608
right/Europe/Belgrade,1609
right/Europe/Berlin,1610
right/Europe/Bratislava,1611
right/Europe/Brussels,1612
right/Europe/Bucharest,1613
right/Europe/Budapest,1614
right/Europe/Busingen,1615
right/Europe/Chisinau,1616
right/Europe/Copenhagen,1617
right/Europe/Dublin,1618
right/Europe/Gibraltar,1619
right/Europe/Guernsey,1620
right/Europe/Helsinki,1621
right/Europe/Isle_of_Man,1622
right/Europe/Istanbul,1623
right/Europe/Jersey,1624
right/Europe/Kaliningrad,1625
right/Europe/Kiev,1626
right/Europe/Kirov,1627
right/Europe/Lisbon,1628
right/Europe/Ljubljana,1629
right/Europe/London,1630
right/Europe/Luxembourg,1631
right/Europe/Madrid,1632
right/Europe/Malta,1633
right/Europe/Mariehamn,1634
right/Europe/Minsk,1635
right/Europe/Monaco,1636
right/Europe/Moscow,1637
right/Europe/Nicosia,1638
right/Europe/Oslo,1639
right/Europe/Paris,1640
right/Europe/Podgorica,1641
right/Europe/Prague,1642
right/Europe/Riga,1643
right/Europe/Rome,1644
right/Europe/Samara,1645
right/Europe/San_Marino,1646
right/Europe/Sarajevo,1647
right/Europe/Simferopol,1648
right/Europe/Skopje,1649
right/Europe/Sofia,1650
right/Europe/Stockholm,1651
right/Europe/Tallinn,1652
right/Europe/Tirane,1653
right/Europe/Tiraspol,1654
right/Europe/Ulyanovsk,1655
right/Europe/Uzhgorod,1656
right/Europe/Vaduz,1657
right/Europe/Vatican,1658
right/Europe/Vienna,1659
right/Europe/Vilnius,1660
right/Europe/Volgograd,1661
right/Europe/Warsaw,1662
right/Europe/Zagreb,1663
right/Europe/Zaporozhye,1664
right/Europe/Zurich,1665
right/GB,1666
right/GB-Eire,1667
right/GMT,1668
right/GMT+0,1669
right/GMT-0,1670
right/GMT0,1671
right/Greenwich,1672
right/Hongkong,1674
right/HST,1673
right/Iceland,1675
right/Indian/Antananarivo,1676
right/Indian/Chagos,1677
right/Indian/Christmas,1678
right/Indian/Cocos,1679
right/Indian/Comoro,1680
right/Indian/Kerguelen,1681
right/Indian/Mahe,1682
right/Indian/Maldives,1683
right/Indian/Mauritius,1684
right/Indian/Mayotte,1685
right/Indian/Reunion,1686
right/Iran,1687
right/Israel,1688
right/Jamaica,1689
right/Japan,1690
right/Kwajalein,1691
right/Libya,1692
right/MET,1693
right/Mexico/BajaNorte,1696
right/Mexico/BajaSur,1697
right/Mexico/General,1698
right/MST,1694
right/MST7MDT,1695
right/Navajo,1701
right/NZ,1699
right/NZ-CHAT,1700
right/Pacific/Apia,1704
right/Pacific/Auckland,1705
right/Pacific/Bougainville,1706
right/Pacific/Chatham,1707
right/Pacific/Chuuk,1708
right/Pacific/Easter,1709
right/Pacific/Efate,1710
right/Pacific/Enderbury,1711
right/Pacific/Fakaofo,1712
right/Pacific/Fiji,1713
right/Pacific/Funafuti,1714
right/Pacific/Galapagos,1715
right/Pacific/Gambier,1716
right/Pacific/Guadalcanal,1717
right/Pacific/Guam,1718
right/Pacific/Honolulu,1719
right/Pacific/Johnston,1720
right/Pacific/Kiritimati,1721
right/Pacific/Kosrae,1722
right/Pacific/Kwajalein,1723
right/Pacific/Majuro,1724
right/Pacific/Marquesas,1725
right/Pacific/Midway,1726
right/Pacific/Nauru,1727
right/Pacific/Niue,1728
right/Pacific/Norfolk,1729
right/Pacific/Noumea,1730
right/Pacific/Pago_Pago,1731
right/Pacific/Palau,1732
right/Pacific/Pitcairn,1733
right/Pacific/Pohnpei,1734
right/Pacific/Ponape,1735
right/Pacific/Port_Moresby,1736
right/Pacific/Rarotonga,1737
right/Pacific/Saipan,1738
right/Pacific/Samoa,1739
right/Pacific/Tahiti,1740
right/Pacific/Tarawa,1741
right/Pacific/Tongatapu,1742
right/Pacific/Truk,1743
right/Pacific/Wake,1744
right/Pacific/Wallis,1745
right/Pacific/Yap,1746
right/Poland,1747
right/Portugal,1748
right/PRC,1702
right/PST8PDT,1703
right/ROC,1749
right/ROK,1750
right/Singapore,1751
right/Turkey,1752
right/UCT,1753
right/Universal,1768
right/US/Alaska,1754
right/US/Aleutian,1755
right/US/Arizona,1756
right/US/Central,1757
right/US/East-Indiana,1758
right/US/Eastern,1759
right/US/Hawaii,1760
right/US/Indiana-Starke,1761
right/US/Michigan,1762
right/US/Mountain,1763
right/US/Pacific,1764
right/US/Pacific-New,1765
right/US/Samoa,1766
right/UTC,1767
right/W-SU,1769
right/WET,1770
right/Zulu,1771
ROC,568
ROK,569
Singapore,570
Turkey,571
UCT,572
Universal,587
US/Alaska,573
US/Aleutian,574
US/Arizona,575
US/Central,576
US/East-Indiana,577
US/Eastern,578
US/Hawaii,579
US/Indiana-Starke,580
US/Michigan,581
US/Mountain,582
US/Pacific,583
US/Pacific-New,584
US/Samoa,585
UTC,586
W-SU,588
WET,589
Zulu,590
